temperature,vibration,current,failure
51.23620356542087,1.3702658576772393,6.831939786151342,0
68.52142919229749,2.083801894756716,6.7288515935039985,0
61.95981825434215,2.7458916717528163,11.343782063647257,0
57.959754525911094,2.4644497728191226,6.7468233989465425,0
44.6805592132731,2.6131222957228992,6.903648082900417,0
44.67983561008608,2.317566733421435,10.315787836925747,0
41.742508365045985,2.384553129035705,8.14817889715378,0
65.98528437324805,2.698391303130639,10.436973898686269,0
58.03345035229626,1.4993360177183719,5.457563102950696,0
61.242177333881365,1.978849927286281,8.41299835571369,0
40.61753482887407,1.4424188836392045,5.2352952012829785,0
69.09729556485983,2.9753360159932942,5.438572424187481,0
64.97327922401266,2.8881186793732265,11.345062173410877,0
46.370173320348286,1.0788536227370118,5.974717597823166,0
45.454749016213015,2.411150345031377,8.726944775926519,0
45.50213529560301,2.8504966348313316,7.877669218204946,0
49.12726728878613,1.361150690254667,7.431403283811899,0
55.74269294896713,2.1358904611052587,11.298833419810908,0
52.95835055926347,2.8309765951760837,5.152763777428427,0
48.736874205941255,1.0678919571715977,9.646527803229123,0
58.35558684167138,2.39484053449368,11.743761039494853,0
44.18481581956125,1.5946980147451015,8.921177284232893,0
48.76433945605655,2.8487923907530606,11.557757234231643,0
50.99085529881075,2.9421164903307355,5.365805155002167,0
53.68209952651108,2.888532978226868,7.93155323351913,0
63.55527884179041,1.9484284333149275,6.821104536734358,0
45.990213464750795,2.7240853019786266,10.115746754865109,0
55.42703315240835,2.689098797070141,11.869079633480727,0
57.772437065861276,1.6382009464865113,6.795710437109735,0
41.39351238159993,2.6578309483013545,9.579222210318521,0
58.226345557043146,1.0740152694309852,6.386683429318181,0
45.115723710618745,2.192539756964106,8.95731178200127,0
41.95154778955838,1.460017674575406,8.247527406818353,0
68.4665661176,1.2411337715545576,11.80403730742076,0
68.96896099223679,1.1539064032584183,9.259690908875266,0
64.25192044349383,2.3925775517562795,7.446544604607731,0
49.13841307520112,1.6797499275361323,5.798670494215534,0
42.93016342019152,2.449533543057523,6.058727801144542,0
60.52699079536471,1.1307126815978847,6.577218509658646,0
53.20457481218804,1.6305806756612207,6.756766629382086,0
43.66114704534336,2.0789825847506744,10.954312404887965,0
54.85530730333811,2.5814463296779273,8.928559517977675,0
41.03165563345655,1.6375050058641398,8.663736379620566,0
67.27961206236347,2.251782752874018,5.803382103084522,0
47.763399448000506,2.7719554964723745,11.020977853446045,0
59.875668530619464,2.231726376364609,10.059700122459386,0
49.35133228268233,1.4659189495072675,5.473678533300011,0
55.602040635334326,1.048801563113076,9.954845680608381,0
56.40130838029839,2.7401977478018598,8.804767521398523,0
45.54563366576581,1.0425388217007743,5.572077420227448,0
69.08753883293676,2.749403345368399,8.208104490700595,0
63.253984700833435,2.057874268054424,8.39287400991033,0
68.18496824692568,2.878135397025792,6.16042178114293,0
66.84482051282947,2.5975664715473306,11.619887029001976,0
57.93699936433255,2.995868221066675,10.949827600364634,0
67.6562270506935,1.7014236309034203,9.683156361303759,0
42.65477506155759,2.534376577862254,8.23606892700425,0
45.87948587257436,1.8038618272184843,7.882358791091559,0
41.35681866731614,1.9597512406078177,9.55681427005668,0
49.75990992289793,2.25501092643674,8.818023085848338,0
51.66031869068446,2.7473542283726777,5.435911741173199,0
48.14047095321688,2.96816693839859,8.587518541392322,0
64.86212527455788,2.5365468277290364,10.644825320629877,0
50.702599800807675,1.8355335643346675,8.214679143178707,0
48.42803529062142,1.8427140045541404,5.363696042879879,0
56.28088249474746,2.4751646031777828,10.503947395688233,0
44.227726749242876,1.4775542915366047,6.409546474951821,0
64.06590942262119,1.2209482262627893,6.810345844216272,0
42.23651931039313,1.709244315281553,6.1529444740260715,0
69.60660809801553,1.5744779833081635,7.311505454100483,0
63.16734307889972,1.5926162409119802,10.297260539820446,0
45.961470446025174,1.4672155020998199,8.635701016527563,0
40.16566351370807,1.0841863792727238,6.434168919054988,0
64.46384285364502,1.0357478694668276,11.144810547064285,0
61.205720315428515,2.9754447794720633,11.157072984660704,0
61.87021504122962,1.8555462674717247,11.094048975322048,0
63.13811040057837,1.7686532943193634,6.671573479670775,0
42.22133955202271,2.35929456538614,8.158675409266916,0
50.75397185632818,1.4365077757301283,11.894927592986125,0
43.47607178575389,2.8999223679004507,10.404087334169933,0
65.89310277626781,2.5726900288311043,5.190171948578919,0
58.69894380482674,1.178822004624519,5.456432138823445,0
49.92694074557947,1.8351615515698567,8.24751963768633,0
41.90675050858071,2.7582366151243294,11.364541441030921,0
49.329469651469864,2.8894640445828204,8.770912585668999,0
49.755499660802414,1.9348030224997395,8.484687556240031,0
61.888185350141924,2.2268227784214156,5.738315899696414,0
59.12672414065639,1.3340678921841505,9.597460733070058,0
66.6163822772898,2.982337252273953,10.754722124201578,0
54.16644775485848,1.4633434027668868,7.662940052552936,0
43.58782737814905,2.885463548270251,10.429282956477293,0
61.39734361668985,2.299293297984737,11.75133657730568,0
62.82355145850693,2.2154735897577185,6.426365213893824,0
56.83831592708489,2.025377022033017,8.663307418363189,0
63.12901539863683,1.4613396234355174,7.009965706592029,0
54.81386789093172,1.3530560640110165,10.549980933236876,0
55.681984881459826,1.4409724181403507,9.043153561168102,0
52.82623055075649,1.372876524288509,9.442076922852127,0
40.762573802322855,2.5591689471335064,10.585399117311258,0
43.23674280979913,1.7002505183334602,7.771793308637184,0
40.94287557060203,1.1156853531267927,11.405630478849304,0
59.09231233791341,2.938205260281623,8.73120207072298,0
49.4306794322898,2.7675717699268514,6.105683759847436,0
55.25712073494108,2.855504566390426,9.871293827181617,0
67.22699421778279,2.989815645292871,10.55282945306778,0
47.478766874466245,1.3477904984389746,7.217331739472687,0
52.31148769106889,1.7924840378053175,11.000254798991271,0
62.66653415629146,2.5164769514081824,11.343002783360365,0
46.863944964748676,2.3920412361075845,6.938331411644663,0
42.30939729486379,1.3077918126797101,11.884650309006554,0
48.69254358741304,2.6316662499812358,5.984980696341309,0
44.83663861762013,1.4488811436733213,6.41410967881743,0
67.8909295702772,1.4476352296452462,6.289573874666183,0
64.24361138693251,2.073948845786827,11.257927970055093,0
59.002112695312704,2.185879869683406,9.580047866274732,0
66.14381770563153,2.160172415675622,6.06472998255591,0
64.11016230697344,1.1829736747955097,8.082263928578442,0
45.597101766581076,2.7549217252607607,9.307086175488614,0
66.77676995469933,1.5312000851774121,5.584248594925683,0
56.180267257469524,1.2590298425656083,11.17691457885137,0
64.22320465492187,2.7774961597379546,10.625224748090746,0
66.88273899770479,2.911302996459507,8.536447415036468,0
49.54010424915592,2.7242552345309012,11.769886306814193,0
43.3015577358303,2.6190321494497564,7.924326854925698,0
46.83805487625825,2.3104839612780435,11.888772233255484,0
52.81323365878769,2.1017147412182786,9.675439991625389,0
64.54044297767479,1.1739735198228203,9.44269891277759,0
65.82191749769031,1.8169064261413974,6.161684267070495,0
40.20856391593572,1.745377034024628,11.173494308132508,0
55.32241907732697,1.5195075675206524,7.992427815444306,0
52.52233009446337,2.44684022737717,6.135633840477356,0
46.66323431412191,1.9917514701575416,5.088252639830313,0
43.595961020010485,1.1620924318152959,8.918289785468678,0
50.12845514210884,1.4403664038996227,8.691797354858734,0
68.28729111737557,2.366517527319192,10.03547535658411,0
49.696087960622656,1.1522617189806004,11.231806371124616,0
55.563718652300985,2.702413828097537,5.5558460925012065,0
61.090568766855334,1.9902930540279486,10.120475432382538,0
50.90888807137882,1.961173154653296,6.311883608683075,0
69.15346248162882,2.184815569319035,11.007239372100148,0
68.87341884826334,2.649361931850298,10.733444597031593,0
47.553468874760924,1.695618415804386,8.78555628489881,0
54.91745517677156,2.356032305118127,9.97169959036318,0
49.02634929450309,2.1314639279915824,7.200450792286238,0
48.54521483132403,1.5340565403388426,8.298175292529702,0
41.106608420635986,2.757259972710316,10.751458283973301,0
58.286930019396905,2.594852043213856,8.214856380212497,0
55.08037069686584,2.3169036693168508,7.504587857278093,0
41.54436253749968,2.701163458188484,8.459487130752098,0
48.359393927098346,2.7345884019196047,10.797744767060529,0
67.24797657899961,2.4167259534300696,7.346456331596109,0
47.186856720009175,2.674026656727344,6.2163311519502065,0
44.346846162736696,2.3949429233385673,9.984098142315466,0
54.68358280832689,2.3602815435206006,10.781847488956572,0
69.56951362331802,2.2372227564303686,5.704462349664733,0
47.26165814534501,2.5054332791152825,6.679118789291613,0
60.16406642217636,1.3172102105861474,5.993803928326957,0
62.84858845986153,2.761741518397857,7.435589881075167,0
47.12912631977199,2.743687055490464,8.152456852337888,0
61.84649045835579,1.0584945660691183,10.241784358743146,0
51.03349398157759,2.6516335011295253,9.55803309417172,0
58.96917491780738,1.2577397349468904,9.346499972349019,0
59.00589132282684,1.6702377085182838,7.466624626267581,0
56.073240522242756,2.4870165125832155,10.89013287159332,0
42.70869310163225,1.3215197920966164,8.299010171787153,0
65.05907486767714,2.6359340482381244,11.85373456610608,0
49.623401949152075,2.6642683559154836,9.438994968070158,0
45.595555311995625,2.0149354675216724,5.883853190951519,0
41.22325424664292,1.0127717434336672,9.733242934528038,0
57.72678829564725,1.5740762663498256,7.275728108021893,0
60.32693085526847,2.2338538367514844,9.804290376802683,0
40.497634867835686,2.962372356054847,5.48748803713684,0
55.36279174897843,2.2636270540333365,6.224170060231716,0
46.79487325593814,1.5196071621283196,10.990160812340505,0
59.35518371228349,2.2680114061992227,6.590256899164604,0
45.23099287014974,2.0799707594317107,10.85928787670058,0
60.72813214307398,2.5596907903022874,6.954932619180873,0
51.602060389016124,1.2139612776539168,9.500173370410954,0
68.10189966210203,2.5220558050040562,9.859054014568816,0
44.1256283243798,2.0825331573522208,8.58858327201537,0
50.231990531507755,2.9259840077179895,7.137174736877119,0
43.40420563721767,1.6837443320773722,6.488510634597673,0
67.74080854835688,2.265243786267896,5.232325481936984,0
66.32018060142943,2.864056211020035,7.127624808685066,0
47.73824883145467,1.2050194559813585,9.572139533718982,0
59.79952138102537,2.8744569744729023,11.56813372913938,0
64.51666600603647,2.375771444601627,11.098431375841365,0
56.65602434798387,1.1356741182103438,10.362453435747117,0
55.889517350680194,1.6019271338936325,10.519131402773091,0
47.255568727013554,2.416344177290563,9.654894324331966,0
42.79308303417697,1.1347012029375434,6.822008002962021,0
66.91647273859981,2.1643409203525463,11.350365214940808,0
67.01254171489991,1.6917661139059135,9.69512618334084,0
58.99304371819804,2.241831035534954,8.92308441686308,0
50.17089373146102,1.0914840676250257,5.776926284494367,0
50.476287238379825,2.7430736123047526,8.129388806644979,0
61.77867036610718,2.946977938354794,8.222507898413484,0
66.9133077985773,2.937755710571383,11.05194526665869,0
66.61259272795351,2.4993036634858496,8.826537541314519,0
63.396266375728715,1.260172480261264,7.662803842792868,0
59.26094938462863,2.5165263918580454,11.837602299574616,0
42.52419894985147,1.049173832917603,5.77504415328421,0
44.84886142283841,1.0442471030579945,7.957838998183613,0
66.95662565581237,1.6472204382990825,5.294172726199837,0
58.1928717897877,1.9772863808093315,10.179328845368513,0
40.27591154849889,2.5408148356155866,11.426535865394055,0
43.044146285980965,2.3665907532130106,6.960261306853426,0
59.905053073241675,1.8918054127534967,11.008391737593847,0
40.151847515386564,1.5472533325633318,7.0455276132332845,0
44.82424154252496,2.9942490003154223,11.375391131507406,0
56.462013680997586,1.852362604471946,10.277733325177488,0
60.7568559307808,1.902774048659351,10.63434743789007,0
59.55883778507801,1.3272476423833384,5.126045889203182,0
46.7280792838168,2.5896190974998587,11.739672499518182,0
61.36537664042608,2.387364451562977,10.086696944492264,0
47.117472624904,1.4415392255775208,7.133257667702933,0
49.761990944778034,1.1647620912316854,10.805762654011929,0
62.394742153540726,2.360998604149426,6.970648388904509,0
59.48898697141644,2.3090224285622707,11.109276876962895,0
65.47670231482533,1.5465190539964186,5.788062732883559,0
59.7283867690103,2.9017271245008205,9.925801842225571,0
57.04925810006415,1.3021157835618005,8.784889336514372,0
42.81024303484278,1.8646696020852038,5.675741291368086,0
51.031474091783004,2.8872318403351978,6.693256797811873,0
47.95607103045177,1.8394546338522446,5.086828253941204,0
47.319689301372506,2.277051895328171,8.28137575825154,0
69.19031664257336,1.7951887959255886,7.108856825320003,0
51.792931740002814,1.54843040469734,9.188502390084311,0
66.7613966553134,2.9679552959196567,7.08066465396032,0
58.93415877991789,1.818668012630086,7.0994337805488925,0
63.84433910624945,2.788198407358269,10.202352391121224,0
55.079112793155765,1.4599092117821724,5.336999851848474,0
57.30711653879077,1.4262094080501666,11.32026496634391,0
54.77553081456592,1.0622681657690227,10.965847120738271,0
45.857289633941335,2.30333365075177,9.674632782584846,0
61.67356345784516,1.7370526874475223,9.15255099075169,0
48.42317087322567,2.7287164996792743,11.246117486977566,0
40.72947899294361,1.9464198133831143,6.297311256701001,0
59.364168877215036,2.9363868558294435,5.5527841353358,0
45.31332038221147,1.3710510314062423,6.676571189366767,0
68.21375753058743,2.7372463359112214,10.56204795090133,0
68.61785731007762,2.5531937055834835,5.242691867085384,0
67.44593170661346,2.541843689288104,9.079647845584427,0
51.10476100766333,2.6895664562337753,11.96806261333917,0
40.463698495866026,2.522047981885998,10.989872656862776,0
67.84955687763176,2.2524406432628306,8.650119823305126,0
52.84552444951943,1.2624897553647751,5.445486365006497,0
68.99964457131009,1.0650523589825038,10.819614600699968,0
68.90859931267758,2.8416956956313735,9.192849557240475,0
65.5902836640208,2.233300629041476,5.804530979416968,0
48.83346676208757,2.5930745819523526,5.657000993763494,0
51.55293185805776,1.9630447030251001,11.367387736056147,0
65.5341001455057,1.234616377924789,9.684401840566549,0
49.50766015468833,1.2503715844051009,10.805007595217289,0
45.084782400582775,2.3711305744579425,11.152852301975871,0
56.70403787375051,1.8606117897989254,9.002406464338256,0
68.08464322482342,1.4010494534006734,8.622124462285289,0
60.88089390024919,1.9831890934828738,8.012991872246932,0
57.10183510268095,1.1284178741502682,7.218626114537835,0
42.915294813123054,2.163942803828798,8.042171726010983,0
58.45021680097509,1.5379868088701953,10.417157590111096,0
69.7016155031279,2.595118201274376,9.21346401710592,0
44.20252045709572,1.6207239178471475,11.247663029683922,0
55.5498895709121,1.9104402981636024,8.103660100654313,0
66.32119215783867,1.0232410798162013,9.249627051031279,0
62.22305853262613,1.1448937755891178,9.41915287164392,0
60.910472229858044,1.7849871128133696,9.141880136144279,0
61.07452251961328,1.959877669434247,9.918436411598615,0
50.78473453659265,2.2000410962386074,6.6620342786236435,0
48.8077553279348,1.5833251574186065,8.586546442820534,0
64.28083466435541,2.3899637722530853,5.729573619658433,0
64.30340184037541,2.7202447943784094,7.691579293513688,0
66.01216955740311,2.5597019777866996,8.413669480348851,0
67.39721657669413,1.0792376506967143,9.565569816818307,0
55.34027196582814,1.9610138945156579,11.653717368103425,0
55.04548884061599,1.2098603568363497,9.20455746583849,0
63.948855369003255,1.484090031725055,10.205157413235918,0
59.498917923332954,2.973325186534293,8.54386241646642,0
61.059006317731104,1.2849910858030265,9.438728219634319,0
63.873780083083034,1.9977763069027121,5.496525512936414,0
66.70016025452699,2.236311468636238,6.780741065892929,0
50.13985470554607,2.404929941088208,7.532971652435971,0
51.26748857919832,2.119297366973828,8.307453485045595,0
42.81945819522607,1.0195416948383673,5.319541218516687,0
57.34840422988522,1.6529226164879838,5.980168682873224,0
41.07826821390226,2.035423286769423,6.93770015453914,0
53.9679405439738,1.1757329982896667,11.800728836307353,0
56.2793390412273,1.7012538624183615,7.319429049721355,0
48.59623756384853,1.0664062175827331,8.374287406784578,0
57.724997817070324,1.1571569943100415,6.372683989168751,0
40.915007498171484,1.7938465524031921,9.275460497530378,0
41.120445662476435,1.2654315080861207,6.964782508611821,0
64.67801681978975,2.135081696523116,6.448948049068988,0
50.80571924233789,2.3789299382745313,8.616008399121853,0
43.81181537955654,2.6011733982181657,5.038540594122946,0
55.66729780164413,1.4003004884896202,5.053648228544577,0
63.09980659295832,1.3349651645181395,6.533481663713005,0
46.4746308249053,1.2091356806688005,5.257049537505748,0
58.68671427457001,2.2728604990872734,5.756180278914839,0
42.56042394981304,2.412951452973802,7.372024545371261,0
41.55045163505823,1.063172289651284,10.61809975705869,0
55.94063894704444,2.8724244924873794,9.004340503585105,0
56.219053648303195,1.1039425673029448,8.588674081694915,0
59.1228970449462,2.082592670602141,7.054421762456851,0
61.78274001167985,2.418121038901833,11.522276036029716,0
69.27556238387604,2.741938247492171,7.779105288660341,0
55.48901044903586,2.4281738642648554,5.6096493675704,0
49.68869418823738,2.6034561661395834,9.319465612824608,0
63.85558584306111,1.6789003850856121,5.796868754336209,0
48.124967537862226,2.6296502274930242,7.416561999611845,0
53.16914262116909,1.1602296927693503,8.551883571024662,0
42.35369144026798,2.7896333121210555,11.11955767279623,0
40.76052230246373,2.0951847523074725,8.454826062380832,0
68.87945244033776,2.6345955399249874,9.91581136222165,0
65.07940361536618,1.9046365690366003,11.949717872993492,0
60.87922618281094,2.2871553903930497,5.9204238392858715,0
52.268588332428095,2.0528053218722264,6.923120678636637,0
45.19882960212537,2.4631790435106637,7.762032529183525,0
44.693111280132584,1.1632599640611792,7.95279724977182,0
47.50728694493786,1.1207041679811276,7.8771475268588205,0
56.476799941183614,1.4942064680202929,11.353277017895884,0
61.437877681001865,1.3190893602263767,9.998228511267996,0
59.80592130153194,2.7435671331844036,9.255336498634925,0
48.39801690837828,1.4384279747160886,7.165609025039474,0
68.64595841989582,2.951730511638263,10.766532689549063,0
62.13690750087305,1.6737915835422137,11.685423580394922,0
56.63062157534202,1.3642358313773986,10.748387977851586,0
58.35162238703057,2.5793970142849583,5.0109557363403106,0
52.5880018728337,2.3174155510017522,9.45480959128385,0
47.431929685034724,1.996391432906278,5.357947670094705,0
50.679180359537845,2.1107271018752627,6.803250542336053,0
62.735383313931074,2.438403556544528,5.416672902434402,0
40.43180465889267,1.4569094826625975,9.226568170645713,0
43.48217921520749,2.992667832113484,9.806129394448249,0
41.38007926065258,2.9495863242935663,5.8014134664613355,0
41.2218640695691,2.3006513726938738,7.686872181314857,0
65.66381752033021,1.3990849018582903,8.193655562688793,0
61.109735781400715,2.3604564848625826,7.583371152326416,0
54.22521487261976,1.1443968179583517,5.847175003396352,0
42.93502481953004,1.0613050044116121,7.932634531312328,0
54.74847625350497,1.5153657770224274,10.258246334658928,0
54.20415312341697,1.9252459134786326,5.497053651732788,0
45.196056097300456,2.7365450108167613,5.5612600985733245,0
53.01554947713919,2.454338139532616,7.4833990428518895,0
51.955142031921206,2.485413042399962,11.592079981332475,0
58.47550294156649,1.8509866688961507,9.680008527060398,0
59.052809526029314,1.6918699850939258,9.750689696707955,0
41.35912029316133,1.7420775259692054,7.533439935865054,0
51.238378438794136,2.9752991274721157,9.15562553845977,0
58.77579747142709,1.080218382824965,5.070918288194203,0
55.09408775740263,2.734062992244897,9.452672324866796,0
65.69469523564968,2.1573508171447866,11.393008633033658,0
59.760808948568354,1.877230838379181,9.288014278413733,0
44.88803281244289,2.450515320830273,11.115890154264415,0
42.11706242201289,1.9733378828494057,10.067811388262657,0
59.27257834618947,2.746846476163321,5.843908914825832,0
40.79533931624866,2.801403728022517,11.317173151000892,0
57.5732674382039,1.8434418537469108,5.465106910490424,0
68.20690724274873,1.5536555944701032,8.737772307834346,0
57.26422533627637,2.1847006571867245,5.994959866554204,0
51.645097786195656,2.8247266912333817,5.081946275116328,0
59.29864655327059,1.4213243780113332,7.9542398208934735,0
53.747586714745495,2.2459331671269656,7.065284953579093,0
56.36850367947805,2.263120440185041,8.402003456583222,0
68.24394426329576,2.466226044830562,9.040399207141856,0
51.58307913402323,1.2631353702545196,5.306173506162631,0
68.83571691471742,2.431649929364177,5.8610230658662195,0
67.16051925868192,2.818065041331282,8.910496775152978,0
45.873734043678894,1.359366217740484,7.402171472208607,0
42.080839026254964,1.4750866498477553,10.104214412846137,0
43.0233400413228,2.942790188083279,9.566041540143578,0
40.54665476954649,1.3619539054189795,10.919230540929348,0
42.83328882267785,2.7087701867391583,9.847449786684578,0
60.490203202490704,1.9845557128960696,8.009517541731036,0
42.135659453806866,1.494462148806354,9.710766356761027,0
49.56926890881284,2.7414998025450226,6.92766821978793,0
65.34625932908364,1.890610510005331,7.144194491447489,0
40.698158072074776,2.0296347078593806,10.522896119445553,0
64.43405447766807,1.7184667387995314,8.124936614811075,0
48.455643243202,2.185901702869855,10.588662383628467,0
43.54494482864969,1.3270477451700455,10.75695661567795,0
60.90211496092452,1.7821630733035214,11.002936363628987,0
58.86828540339652,2.938824644670575,11.416446650888451,0
66.3241604058116,1.516266865402255,8.016896543593074,0
62.05213131411657,2.3134733290825844,7.232067728247972,0
64.10442791154546,1.6503801284493897,9.075391226158796,0
48.4610371771392,2.5469462513732015,7.598206964063393,0
45.32318631339169,1.2617473214366997,9.207519167601632,0
62.51844254922575,2.9396420901570894,9.939101038506772,0
64.20504217801792,1.9075790827672785,9.818835129444958,0
69.7151542600202,1.472100926692928,7.62187020914085,0
52.37853030734279,1.1469934946600253,6.16802141189127,0
51.160542573783495,1.3395158101750815,8.013705369235453,0
63.29238882225991,2.039547897112035,5.998159008573361,0
50.22410620759054,1.6740063528625726,11.230679246286659,0
67.92271976810694,2.6577667317652187,7.421142225165002,0
65.75238255529035,1.8617750473236119,6.081218230563266,0
52.86982082125055,1.4974285451752598,5.1781343193402565,0
62.52613203374492,2.2342899732080603,9.52075670400539,0
62.63628622254047,2.4135544337708916,9.458316222183203,0
43.09371606507798,1.3340838158018997,7.384229166069042,0
67.076587200387,1.3352384325766353,5.501983221933557,0
55.15757117343571,1.073342853867086,7.867402264266624,0
64.79372398323224,2.472804030131281,7.178522465443756,0
49.601488030918354,2.3276090552436104,9.739844478145066,0
66.86569685488601,1.9492617514996278,9.240454746168833,0
51.676050362024895,2.688340897938394,7.55215609738278,0
40.32512954440895,2.6113403059001064,6.5252478797849305,0
67.16145929257792,2.170708728793504,11.916251763089143,0
42.73860030358401,2.7365425610265173,8.178011348372804,0
49.579409127712445,1.4116824200735365,9.81791965046166,0
68.50185901152415,1.2238392387954558,5.983870773048525,0
68.51821440812668,1.5394992230339792,8.399127897615784,0
57.203136643698585,1.1141737121786297,5.192757039086258,0
58.95511636509398,2.062339056002064,8.53818582537315,0
53.45336565934959,2.873211384589923,11.748121849823917,0
48.79632315094194,1.0786870813370193,7.689446990900602,0
49.85993636109748,1.2442198280200536,5.272972088024381,0
60.175553682311154,1.9043980565668706,5.216690536435404,0
62.5712358831304,2.86775003505581,7.715907319628086,0
63.74737131177545,1.632312209953501,6.120174555242358,0
63.68854428383662,2.014469617376785,5.163464674297302,0
42.73618309146071,1.0831457181007842,10.293495297651237,0
54.83260914107744,1.2966864019241777,8.209661062173234,0
41.72676280049933,2.973260245917694,7.0247134038085814,0
56.485866469712064,2.9302373928720913,11.300582281115364,0
53.245915041201314,1.0098799618688192,5.812972721403679,0
66.63112548274898,2.903623570846478,11.691431802687234,0
50.527450376562356,2.2782398756310007,7.19776702164147,0
43.512010492828175,2.7358365890400442,11.218825706160768,0
44.28975046158507,1.9094797112677182,9.22060013535623,0
62.84531895152416,2.0311920571585005,10.786951518190413,0
58.546541899487835,1.9776931605138404,11.88809214247325,0
43.03368028368371,2.3337285150922087,7.01883806473122,0
42.52320418344992,1.2793025095126258,11.727948397853151,0
61.0290739437736,1.059947179745356,7.726373264316942,0
42.182890190925804,1.6158598831823818,7.6985833331584566,0
64.65580177871068,2.4093615254732934,7.38270972978154,0
61.18726681469489,1.4037069042458967,8.789853251433097,0
42.44046341925699,2.3468648666498346,6.07901530224941,0
42.545131422555755,2.9398240922145407,8.875980397506078,0
69.59918735503527,1.1878014315788368,8.791933686870028,0
51.22812387268361,2.3452042364502526,10.33331268823409,0
51.11926441200673,1.8875004386091423,10.835549733563099,0
64.38398701772508,2.736284508755011,8.083089452186968,0
68.41745732151577,1.3542995788947718,7.116332745460456,0
69.58003191468613,2.3852519044523293,6.815344281219661,0
62.60134555776825,2.67623057929622,6.362366856934104,0
51.287787565927474,2.8892284389480465,5.403533075393174,0
42.50502150096006,2.3664960565792916,7.397135851842993,0
63.3144074778231,1.9943495280168546,6.891733844915483,0
56.75212749207415,2.2356944804024277,11.764921701064852,0
52.72666027740929,2.7378099689574364,8.903961783750308,0
67.19063155284208,2.141219493277659,7.430939273213553,0
43.33592446918454,1.0607741193936737,9.063273206955872,0
54.778753128725775,2.8618973910139553,5.974376909419869,0
40.34060934302257,2.3790535020631225,8.10830624441542,0
54.05981925982379,2.353026771554493,9.383640249947447,0
41.68909827045512,1.4313503047954343,8.422284822547159,0
43.564537488042156,2.3177709404653144,7.81245160458027,0
43.525787403313146,1.787728811308317,11.956938722297888,0
59.47630906348191,2.302465954082984,11.162203335042488,0
62.3813463779627,1.2131860606159814,9.36384170711608,0
57.50106295291479,2.3156906092060723,8.98564152827598,0
68.86517645423626,2.998827451541333,9.344623358772088,0
51.24611738571112,1.096424077721112,6.409184754757033,0
48.57136258845582,2.9543483684426346,7.76596420285023,0
66.0579738456838,1.8138159214457412,5.276216730236295,0
46.70787515558358,2.7415069006745183,8.328822262407787,0
68.89667618321835,2.564770968116547,8.801172087703643,0
40.36463424069449,2.1340325219733356,6.594248152722467,0
69.09636480122917,2.4768984185026532,11.748201930158597,0
41.294797358517286,2.7570311226026956,11.366182276560693,0
66.73429341094213,1.808280643302066,10.05500264819134,0
55.831033272588996,1.6540663231264774,8.733706401357537,0
69.78894388357901,2.3351867711271694,11.089784117533796,0
42.213896942061965,2.6156918838825174,5.914566406764241,0
56.61562853203962,2.5245702695532315,10.533568559924195,0
69.07907606857297,2.595627297717269,5.873745697767938,0
55.692935325104465,1.871166629625866,10.559474637845838,0
58.88195914405787,2.6356684323500432,6.9303729777594985,0
60.87246066953851,1.2404181107412169,11.139634067127322,0
53.636231943033195,2.0889781959216993,11.608294656777785,0
58.8267424025219,1.0115173209962431,6.04157178583581,0
57.529429357693004,1.6491716598005406,8.238729235457754,0
67.03474031472967,1.7329230697427958,11.866911647138796,0
41.363391410243736,1.7923453832185108,8.383852051812026,0
48.42889568776691,2.3909344133797243,11.044832657601816,0
68.51234452229676,1.7771162025406915,9.121120654919238,0
66.70791351672749,1.8973872452450613,7.6273093554372124,0
53.669702583571386,1.475088261748655,7.0004848886810915,0
58.6039779340461,1.7465035832586802,6.422561637602611,0
48.32143548943398,1.454539254526303,10.33258733964388,0
45.64363479171284,1.1463918475368873,7.705783547761195,0
53.91095214819946,2.206897186762756,8.578928235405257,0
50.60056684078158,2.3364255971100327,8.446278360008273,0
57.509683355526164,2.2389806920192292,9.040953204631919,0
42.332039108949544,1.9269880876011447,11.059040019371865,0
69.231844229985,1.7595715603584596,11.865175405084006,0
69.58632233438809,2.7266672991436502,7.853089460016719,0
60.94485142059236,2.0381635702724363,10.792632454744123,0
56.08289099032361,1.958363755259462,10.351694562583024,0
49.28582848858983,1.0512841316128714,9.014702660189013,0
64.41385059120846,1.6824956552523127,11.692330005283532,0
60.54193517661638,1.7603912375717141,6.403321608698819,0
44.87850818034674,1.797645561793801,5.7648494721673496,0
67.32781553481527,2.160344738454665,10.977733768687955,0
64.67611728769506,2.067205093453757,8.074048716436238,0
68.49399739875773,2.2158101855868892,10.928781979449424,0
61.7715852516508,2.5297665230842563,11.251631436367905,0
58.402455878073695,2.625971477432187,5.4372031553335,0
52.547291088718566,2.4362461524529886,11.184253340902425,0
67.9818545006204,2.9110473919098694,8.138233387585956,0
65.98191668501225,1.0364651653527233,8.573027423029625,0
41.356560103185686,1.3915559713670922,9.386147577652473,0
40.79100923491756,1.0151257499562842,11.484678247110608,0
51.293901006341486,2.294949428309206,5.133812661008348,0
64.31659992345499,2.796061097899974,8.33790427822472,0
69.61828387944834,1.4869645931525985,9.814054297013925,0
44.512506733105845,2.8540690895926133,10.058948703887598,0
57.82392146056405,1.1205347805791217,9.847727020759756,0
51.426725698930646,2.8688720536110286,5.941045905856853,0
69.09743193443809,1.7032453744792688,7.095769118601769,0
65.26356769407126,1.202841656898433,7.511008677919094,0
65.14986114133413,1.9717435183726513,10.631060453756536,0
54.06079479384911,1.5135531354410159,6.951319106901871,0
52.44458507012995,1.5697458039238457,6.474934747070423,0
48.20221215792119,1.6145799298525731,11.702136133266674,0
41.691264899527816,2.606051795665327,5.0620429957942825,0
65.9416712876516,2.078322553350509,11.984745989773847,0
64.38703027390233,1.6226153983120073,9.737749092001769,0
69.99153019858392,2.2206675666218367,10.79928509614382,0
69.89910511221716,2.432301348446387,7.062335774423352,0
56.66295116807882,1.5452480014670675,5.10020694366942,0
63.06962245541531,1.827098203050703,10.16508662993071,0
68.34297189647285,1.243772186673895,10.83901217900473,0
65.48942172032234,1.3622986990693606,10.183332923674634,0
47.42044305229593,2.3622357079299654,5.99995201110587,0
53.516324059302804,1.362876695391254,10.273995455798783,0
43.87478245454485,2.0503267673341203,10.382459474753487,0
68.62153081776167,2.4180925234448654,9.609783609690385,0
58.1852390335264,1.2137538461894877,10.362811529569104,0
46.85928416510388,2.134624439257807,10.921450077744126,0
60.15102053217571,1.5131255674027275,9.295228799662208,0
58.543847213736875,2.9258537504751594,5.620232997787753,0
50.74488154098522,1.9670912934398495,8.413394667670476,0
43.40672776598887,2.611985099550316,5.543545342701235,0
60.14719586778399,2.1004530843125235,7.852801217227016,0
55.6092310271138,1.0868250657096383,7.849745423879393,0
63.16955175206918,2.2663027511880447,5.462068908981691,0
55.6049050333598,2.902806684413314,7.441743737786355,0
65.5654450095562,2.2032236402926624,5.776986691539204,0
56.55720516323457,2.6383777188535804,10.657646470064556,0
56.82813914606159,2.768412926696816,11.633816181751296,0
66.29960807975036,1.456159543897865,5.50621532680557,0
52.10448598637191,1.4240896798164533,11.685806451041909,0
44.02045685351922,2.2219619777019837,8.658036195357216,0
40.86348028940017,1.8220569396134094,7.096959745677117,0
62.65411767020857,2.6797226057334407,5.538034526933145,0
58.60928654060394,2.8000462467960223,8.504369876492925,0
61.12239304297671,1.7068427586054362,10.56160881143524,0
46.388924845267326,1.4737411179489641,9.949605340866887,0
44.09114426760309,2.5610510304877234,5.351582080247816,0
40.43633997003646,1.5496120710962722,5.5103128475753245,0
50.517626764197914,2.6452286370273566,7.82011297842846,0
57.69753060563899,1.8474765072975257,7.067033458335603,0
51.76732135299197,2.3350997985829407,6.626690261392335,0
53.12424766071187,1.1910706276693364,6.967031492360995,0
67.12476083481245,2.2477186493531462,10.624379203078192,0
50.447664010699015,1.9035353574744582,11.504596375422977,0
55.419684674794325,2.173216926350948,7.835718861692965,0
63.50959038223429,1.3360284154897268,11.34277701492748,0
51.89628346963811,2.473747489888364,7.250469908735173,0
58.662601006836205,2.725594155086457,8.33505890440654,0
65.87091126240236,1.4334796001815513,6.582202984711998,0
68.48561870972927,1.1914291110403235,9.483332295230909,0
44.41220442787114,1.0472771720926728,11.852867806223662,0
67.79762875484484,2.283943000886532,9.224451672303651,0
54.76348879238614,2.2141880721775618,7.504698588794842,0
47.74733164896875,2.09339482542814,9.534722121933699,0
53.774072687147836,1.4638941922319508,5.860444749257713,0
69.40097725856431,1.7818119918110293,11.22061356185779,0
54.77854281978609,2.188952670372346,8.521587655458855,0
49.86254830862525,1.9935337177183388,8.145448194277495,0
59.00202562950177,2.9755710404297746,9.101053519174634,0
47.204368563345795,1.2728795051134663,9.373487039525816,0
42.27589984325992,2.3902891080951876,5.502430643585591,0
43.866391657319475,1.8086375362085843,9.778320548563816,0
43.84137516873317,1.8563992298512295,6.693521762208707,0
44.55708080536883,2.4351955313163525,9.997668427546127,0
44.164815179482304,2.3848723026487395,10.757743560689377,0
59.226242344096434,2.9825119874043766,10.627709552867643,0
45.45640253197435,1.2567885789082505,8.867506771855224,0
50.3700184997159,1.2082192987683327,8.641189246175259,0
66.90365229718036,2.448677634257482,6.000131729375882,0
54.21884920788617,2.156773834012818,10.427423052821949,0
60.02673215563081,1.5483213331196117,6.899865663127001,0
45.169596136048895,1.1588387379779732,8.476867959725626,0
45.76867056426012,1.171316499192861,6.989918650492617,0
41.226058487994365,2.7883817493282366,5.936798540997852,0
45.06805189216494,1.3837346494374858,9.406903878242156,0
48.35771017095876,1.6467431242310415,5.3803242437603265,0
45.310314528302406,1.453312804453976,10.240516638883399,0
42.66107601271167,1.7099926116638746,7.223107566827816,0
43.61907613301803,1.1388476854921867,5.000942851031398,0
53.823363040981775,2.0381195818165407,8.57790397466061,0
46.19001155217377,1.1352251271844298,5.327963359693221,0
50.92809583144226,2.600713015644723,6.933186904746297,0
55.10251812564571,1.467424163820866,9.948835412190014,0
60.71184485888096,2.080023829209021,5.438827351353061,0
41.17936419523297,2.7601581751229167,10.875369446492016,0
63.98231196727128,2.301754738094388,5.0267394586100815,0
58.83701168472723,2.0659155731026706,6.7277670844133155,0
42.45277095846616,1.6486675062307512,10.1863283930645,0
66.20735872320331,1.6660038261163959,7.213891048105148,0
67.6261720159544,2.3389739103963803,5.713246716462095,0
41.83233879564591,2.988278722442335,7.521637431602995,0
48.30632944441611,2.323678379698757,6.892753004691679,0
64.18603839379185,2.11556683474005,10.898983315123886,0
62.447790711509754,2.4613010204784924,7.193435423096002,0
45.53563058069132,1.9304112245674363,10.52252730243205,0
46.28047970010131,1.1202846852015704,11.243105013675143,0
51.11416308374146,2.1245936317558196,8.036721937035708,0
54.53568955573064,2.9152505690107606,11.369602006980745,0
58.54764314590888,1.3506058847153193,7.64122637774235,0
51.067409187093176,2.3800097816413315,11.748548915430757,0
53.876041483994435,1.401867377318113,5.62502667167901,0
62.4241281440127,2.0716553689461623,9.809134865522699,0
41.10049608671794,1.1933528992934392,8.4566982831985,0
47.57310833032062,1.9007418725163703,7.713541638189529,0
61.40048757653658,2.512326657790492,9.428983151240207,0
66.85620513061598,1.6951430484779642,9.926999641440318,0
55.35032326346998,2.329823448974436,5.030542887552164,0
55.96340455795947,2.5908999215794584,6.168671621230391,0
43.21516034019328,2.8543556389589053,9.991322354440232,0
53.422371004703635,1.469284163710907,9.664697895047446,0
55.9785179936507,1.7986318316186163,11.76233253590074,0
47.27411510904189,1.3048320266608349,10.327264531755482,0
48.07729692848143,2.9849670043167507,11.655408954119366,0
51.31852489313868,2.854001935848591,9.917783510743648,0
40.602135933331795,2.079914260561119,7.086365460476102,0
49.66237496749535,2.6840665887528425,5.737554455755995,0
46.34344020989634,2.041915954544084,10.47276704341455,0
49.824920565337436,2.2471713760055194,9.509044550331412,0
43.59286395457754,1.1782488642320332,5.337302086753073,0
66.71581842219685,2.510540840993616,7.520353261306848,0
57.80777360662146,1.2554269672704697,11.697598708390004,0
60.37306957433469,2.652135260505057,8.502808019971408,0
63.67513715822015,2.564056175340772,8.029103952137932,0
54.953265967871715,2.417489395485953,8.203897236115058,0
42.60760864262271,1.0723207610495242,6.462179068036146,0
56.113196254556435,1.6062567118906572,7.580950196053566,0
57.60523354062637,1.5262251398216857,7.588692791910237,0
62.3631842255299,1.7202728149430382,5.366485141312307,0
52.94978638689038,1.175285493527677,10.372973399625428,0
43.82740908386691,2.873915646062126,7.915531023327153,0
48.51327717396173,2.1076044814247528,10.755259207714964,0
50.892468891959055,1.611048621316047,10.952436007839268,0
59.377517239948034,1.7939630341485668,6.483958382890607,0
57.12334914006736,1.8944050810096713,9.6014743751909,0
50.68290177693539,2.201188666721235,8.305972629140872,0
69.59545746378939,2.0313588553929955,11.161097165450396,0
58.173244580706616,2.8387839464288347,6.510184754235179,0
47.11680375207983,1.9939269658116605,9.744692402170308,0
43.05347417861211,2.9843160296466253,9.254264855769058,0
44.58577417552996,2.7028499154901917,7.067110343002829,0
47.37873185153524,1.4170210287146716,5.956206325558208,0
44.82044119778667,2.8611904292878325,9.561478323340936,0
45.59701072153917,1.2327327957709522,10.170182206926315,0
48.55285506081541,2.634899416982383,7.20939140634345,0
45.20120785884264,1.7612465869531602,9.513828228156196,0
66.90296273879275,2.7559486408901392,7.765916353280523,0
42.40701236984927,2.736113380214901,9.992448182978324,0
55.73534168710764,2.611850800235242,6.394506924258372,0
52.31190480968985,2.5800608726141228,11.23150501845322,0
69.47135850725819,1.6093582781960816,7.011867175259058,0
43.36116706504157,1.1618385661025044,7.57450191429307,0
51.93566797137225,1.805960357530323,5.4066436645624485,0
69.08411299826106,1.3470490299730173,5.780585486248935,0
65.96521377681941,2.3899021778049234,8.611033318986298,0
64.5121621284784,1.692199453075571,6.8731487370958,0
47.7370848113482,2.95122040171983,10.84836158019536,0
45.12662762170197,2.281944154690664,5.102853720584677,0
60.05929659773293,2.644961127268722,7.653658340703553,0
67.88127967382758,1.2650493454836969,7.361418827383648,0
56.70288679041789,2.724028964545245,5.135293416423207,0
57.14838068409699,2.8455143810267884,5.870578793003571,0
48.399372809808526,1.9741238376378718,7.895498724430447,0
63.084787995758106,2.2125058755019547,8.450052091132125,0
45.6113124567257,2.529619601805991,7.830028230784084,0
49.71037709212731,1.349677254520825,8.716563748884656,0
52.7630931584925,2.005132152926885,9.165921724339771,0
55.22831136053365,1.7973260555446262,5.069466747894849,0
47.27229197245241,1.2927479843244982,8.248666116174526,0
43.445104742176106,1.7350688445830629,11.744494686213118,0
58.31860127324897,1.1363446187709871,8.633225960906842,0
48.65891659720767,1.051623813898974,9.742795872212671,0
57.43714664267837,1.2703325783096455,7.1830470054181825,0
44.63088145822607,2.9262302231783477,10.417939647069337,0
54.434203055644524,2.099059071790034,10.410450373132806,0
55.97768297654758,2.9316443223064397,8.649072333578973,0
41.55470610467281,1.864995756660264,11.832096762954496,0
50.098128345817614,1.6236322661705191,5.8788515033385735,0
44.03244030816923,2.012283725680488,5.118633654227067,0
41.90124911418303,1.8790233772658202,10.391107482299672,0
69.69880697169836,1.2113293685234878,10.650088761554178,0
49.670615349241686,2.2816526293804125,5.8414506038440335,0
64.29623337563905,1.4320763650191992,6.859079830710242,0
47.63921964291291,2.239175909795659,5.122866543566403,0
60.44508166671788,2.3004021847963068,7.053160275463953,0
62.80683579669059,1.3040497062572962,10.4119931174307,0
57.86916221823533,1.1226992542213363,8.625723693988053,0
54.14728565650475,2.5615231721368796,7.436669152178016,0
52.355227424418054,1.9196008475386404,7.602175064344312,0
50.46604799628986,1.1163275910109516,5.009475380008277,0
67.88587432743478,2.9897326343395343,7.098603692956651,0
64.91858223363187,1.1155611219927333,9.525211191465512,0
68.95080731999538,2.3900704577171066,11.8193611067145,0
43.728916704566345,2.9673578505268274,10.929425788887297,0
61.92602425610933,1.4783602084318512,5.165164752518704,0
68.15021370463114,1.2844987373743924,11.289924232723875,0
45.43699198496981,1.2427698788448578,10.48238889309038,0
41.99488802100333,1.606550295135191,10.462632864996863,0
62.23361947870177,1.2020916220212934,8.205970313025,0
57.234193395397355,2.384322683388264,7.78603705068152,0
65.25486330274816,1.1245835962601254,7.1204101018323485,0
44.193171298788684,2.0188442562995794,5.45986401268056,0
63.858019355796706,2.9933937077059536,6.597647544455894,0
46.048819601432335,2.6279405390120374,6.726225444846172,0
44.90967828597113,2.2304388764620215,8.38853948797141,0
44.92797393792979,1.6125072415732233,10.232110846176859,0
64.43724160694146,2.247791672583277,8.316668798785626,0
59.955916620886,2.0540829278233033,5.404911146130124,0
55.69196274307358,1.852166767780743,11.704528606917428,0
50.76491452370507,1.261420753480399,11.599070233658786,0
66.31601622439325,2.7732084304809335,10.496326802038858,0
51.77335322267906,1.899569297642645,11.939295310949543,0
64.49798318414732,1.3892450236415301,8.81137632960184,0
53.17404725710655,1.7355187017545792,11.739378451772442,0
51.30833288274722,1.828259505057854,5.529235284317256,0
53.880393570088195,2.655075791133749,7.559765237829599,0
49.041336224924265,2.4672287611228043,6.577668876047361,0
62.428281405287535,2.5386097872826796,6.37083158893989,0
55.081611702774374,1.0220625288572944,5.985620642248732,0
46.96638085440452,1.832307996359523,9.356895490961977,0
66.98723719823705,1.9626883032706472,10.469252990231135,0
51.516736641196346,1.0383845536461134,9.048088795942524,0
56.30658583341966,1.5196264174900684,6.028738967117468,0
67.19416332893641,2.5205796462442702,10.677866389534296,0
58.72713987741976,1.274219411457998,9.4516829501461,0
43.50694122125092,2.0706202629051833,7.717159942888969,0
68.19496370840426,1.430403744034475,9.718912068752442,0
58.83124159214253,1.0242415492877865,6.8193348546998305,0
50.047168439712586,1.482402915199083,7.416345459459474,0
44.17816217990162,2.9517475098201076,11.422400901923933,0
63.82075567810888,2.6030742237659794,7.0335315396999425,0
58.60218267785541,2.919153288642067,8.289917877105555,0
56.00383275928965,1.975708087852725,11.230987961772103,0
66.81677749152873,1.219472397355007,9.954049451872692,0
63.65791633673592,2.095918977947386,5.435422583152919,0
44.55024639198253,1.9087546691199218,6.031121309952793,0
49.35166203386645,2.688714165479232,5.054891135403418,0
47.45467419443397,1.1961651615684892,9.416452531604143,0
62.31838877718031,1.9764822740435564,8.133713977872928,0
41.00597304207338,1.3000973293879685,5.939923956315929,0
57.0966905461395,1.64935185378012,11.705538847397392,0
62.87376057222072,2.474714154775599,8.70761806761934,0
66.30296910285249,1.952036258737533,6.693253058790225,0
50.262452461477224,1.7517765702915387,8.504224998082954,0
64.63771914016039,1.7889525571400706,9.757342329145754,0
43.31895210865622,1.9188935368119733,5.533674525814951,0
65.39356875203555,2.5700330876741138,6.922926705335244,0
43.824659869959476,2.7841693778804686,10.648758436187954,0
51.91861871681102,2.9106693730078566,8.217654092818629,0
63.91886097338661,2.57380677251059,8.826039994226065,0
44.49752282046322,1.6308137914960255,8.029712015466284,0
46.87754185697924,2.3762694121730843,5.307299598501036,0
61.66757705179199,1.8752062481107838,6.1602484587410915,0
61.601096096382236,1.5093412440921024,8.118791471193237,0
59.23442898655892,2.6817431588518454,6.464298257855495,0
60.818453334013,1.07685269792465,5.349853200617751,0
56.28173330042789,2.8035239842708473,10.905547648362766,0
47.55397176720858,1.9229549292494683,11.86834770414881,0
50.37087980511758,2.274402953616561,10.552000117977176,0
45.44793150404277,2.3187078444115654,10.97649445193267,0
67.25351684000884,2.790235481413073,6.6938399122193175,0
57.50175384298362,2.2733393643344146,11.7243888285924,0
52.0255425029092,2.2278671695201235,6.378479931173999,0
53.86017410932398,1.13330408112138,11.660008672532825,0
68.41850018835446,2.036816043890408,11.963735057761657,0
44.6005420934824,1.3003380016340833,9.982059640222342,0
57.58689496050391,2.474867537442971,11.868006122542752,0
55.17666036653398,2.0244438416253487,8.986778456969725,0
58.343627063039435,2.3604555584167066,6.816792482232632,0
40.54330551462522,1.0833458012047685,8.058971199659346,0
66.16371726832455,1.1695840320916064,9.154926547651502,0
67.96354847450837,2.4326467761253645,5.511570934189105,0
56.95399550767627,1.1441686719973467,9.356402852320723,0
60.89952471630677,1.1425134555305172,11.868244857336062,0
67.67498143531887,1.024216950469775,6.3307535484860935,0
61.217159029401955,2.91300279659896,10.548165814018683,0
44.57617128742784,2.475016718918014,11.355291556457335,0
57.288650805004394,1.7065028170041283,11.605911149741546,0
58.201451391485676,1.5930711625753105,11.72094923083813,0
52.72392013907158,1.699406459491699,8.650217471050304,0
62.09332706874169,2.549307062362364,11.841155355940526,0
68.03101044307044,2.322741222140829,10.301171449941073,0
67.76705538720329,1.3703911357349359,6.131700053658733,0
53.52518114212396,1.3482186706681687,8.33830074527579,0
43.39714137522266,1.1967912994267946,10.028318227604029,0
69.54523596887003,2.3206054394026765,6.7313822107335834,0
65.16694259337802,2.528745324443472,9.484306284842212,0
43.739880436098005,1.530092856650008,9.666203353326335,0
67.62525647852117,1.0418899220618256,6.138898206659961,0
66.09689086186384,1.1643433349528547,8.955597187169294,0
55.56514171378216,2.9357200696900607,10.401388376850253,0
57.73826307234788,1.5908895549548405,8.492269651751593,0
51.970081116103906,2.538446295676267,5.084721817432752,0
41.64284916466094,2.2493271377085273,5.063269283555045,0
50.05591724937703,1.7638792793057918,7.499205407790085,0
64.08560345794035,1.4113745243911102,11.483358479022474,0
40.138960690138084,1.2427728363188129,6.600737457225261,0
50.004975150734325,2.230025936077733,9.44054582210181,0
51.9450608077283,2.5492675612755757,6.554531094853244,0
56.12186808813769,2.2878085070822616,7.251689927616841,0
67.59566849238281,2.0606042664983164,10.936294627210387,0
50.39037983097884,1.0839024468632725,10.102030095889628,0
50.40859605688683,2.9369775551887676,5.667794941192474,0
62.125037443292456,2.597428383309149,8.000914146905036,0
53.56653822669421,1.5856440734019295,5.204188345516851,0
46.738144688199455,2.9599406587177013,8.366231026221064,0
53.5731854839808,2.203763179272644,9.637038081907477,0
44.22571061139399,2.164845316414493,5.829518365187061,0
45.2916095951867,2.496146358859064,7.0221945723641594,0
54.95103318218439,2.623539576180275,7.784856378515098,0
52.56776348513644,2.3129572146630055,11.436717172592349,0
67.445377032043,1.2561914927324,11.952785107960748,0
50.871816973498994,1.6765350119889968,5.314379092969311,0
57.4176505083413,2.8561672806520995,10.327055464467744,0
58.96792863758591,1.4492312236877039,7.602068464816403,0
40.39283369765001,1.7443340476750266,7.74720730360636,0
59.906121160501314,1.864153765888392,10.279854813429159,0
45.34107900609254,1.8788099793889044,11.42898502501786,0
68.83210952408365,2.225879164989051,11.656500161517839,0
44.45988183259339,2.8861516754894154,9.039858102268244,0
52.43872371181071,1.48138542366501,7.49984811510352,0
42.56049004235932,1.2430027526018361,10.512843601011454,0
69.90622755537842,1.3949409797198746,6.757009682836102,0
55.065850309937275,2.773849800418539,8.948518201834624,0
57.86155051960131,2.291621625310412,7.510049230674112,0
101.81757485522245,6.890741658368474,9.596417515955132,1
104.91703492978431,5.745150826229622,6.682792390254548,1
91.26169746981247,7.116382490850459,6.341150620143781,1
100.62185249017497,6.282804001110012,11.42767360672806,1
99.29364957859372,6.327636544444237,5.712625780646758,1
105.82075941970677,6.9479669737306455,8.541705354144522,1
107.65217651203152,7.80884186440678,6.545969480741062,1
85.30391928693467,5.192019039825863,5.272509743279672,1
101.85049797646982,7.474229712041023,5.252131728039985,1
86.29589497799323,5.87714933123658,6.226552404740792,1
98.7214666269339,6.331758363519134,11.067392481542,1
92.19081822609195,5.065739986325027,6.977351207839186,1
92.66941498805353,5.903138233502939,11.65321419402707,1
93.82396258630891,6.507893727890392,9.071356050924354,1
100.53231122624025,5.168528232042317,8.056299328381362,1
93.35124914171922,6.473287188149495,9.060621842686182,1
103.317476264757,7.781331886575282,8.616888696583874,1
95.11318463934674,5.316179654323416,10.311433776301275,1
86.70883000774897,7.293322184226513,6.977472461809966,1
104.59399606210269,6.229013160127978,7.471352741202116,1
92.14395811481765,6.965521143573014,11.258660117732756,1
95.81917198998157,5.780709793955688,11.625195592052838,1
102.13609708054754,5.478476787624075,11.247907592405323,1
93.3114039287178,5.481387842813679,7.936135957701195,1
86.41464140366789,5.211475836929434,10.462558521048171,1
94.34802617532034,5.556940114703729,8.33435013310769,1
108.61121456735759,6.992658154966905,8.482778965022716,1
101.04335993246396,7.6450718355305245,6.432760763400988,1
101.78697871668018,7.442377056773486,9.137912122809615,1
100.807053840941,7.055402929623453,6.302951284273435,1
89.97480347398592,5.331295590233308,7.3209528934703565,1
95.458346602557,5.86756233888785,10.985211411339545,1
103.77349495908295,5.929420625967407,6.449530664475986,1
87.53432243882898,5.749870839192864,5.49810799621403,1
91.9463194022428,6.545016979129169,5.483053148289714,1
91.90797771164634,6.606661444639018,11.585491643521756,1
95.80047318986266,6.070657925513331,8.548443065732842,1
109.50921852355462,6.061367476209308,7.865884502719128,1
86.68756366709555,7.485666793718244,10.67615006705543,1
97.96752485951488,7.367878544959057,10.850781495373612,1
89.48411705030526,5.9233874950422365,7.3253372318092325,1
109.26691363524361,7.741365331619778,9.855326402316567,1
87.83258761818661,7.858445051007518,10.397859710963207,1
95.09002505903979,5.980227626090122,9.582554808061682,1
103.44712462086515,6.063274846379165,6.061165523600696,1
102.61386070068613,6.516902460265877,11.131181584619398,1
95.5682159223483,7.823362437601021,8.773661869152061,1
93.66310419881796,7.628958299426935,6.977306984590026,1
94.94030946382176,5.307703887750769,7.976597298063858,1
91.60690657896598,6.178192229814249,5.262997632792351,1
90.13332346767,6.660113569249315,5.895067608556923,1
97.07599243897225,6.50939741765462,10.358827253611025,1
91.71334390169018,5.581589203810678,5.000081443287563,1
92.18654162243125,7.5764503135044645,7.9159607993760455,1
101.41890158686392,7.030822348990512,8.657571267599119,1
109.21343329249731,7.51372512455541,5.382440940006806,1
100.09093001398438,7.576292838048417,11.81154714080633,1
86.92448667662416,7.245067560997219,6.582877318747704,1
86.88959034635167,6.317631803749152,7.129391037453966,1
108.78558052113915,6.831640265046273,7.127597585785191,1
92.43226975768334,5.481096218359229,6.612916634821449,1
87.30167465206189,7.020936252424724,5.01031675460418,1
99.97611467875954,5.5377597672178425,10.105413558615975,1
100.59121945725666,7.0818487715304705,11.767918498594998,1
101.21262050296721,5.688794482261906,6.570054382995315,1
91.68505069643854,5.35265390045066,9.641330342623956,1
85.37776710536187,5.495853470428872,10.193274288711006,1
109.1253842363618,5.0059764056572105,10.938977653633673,1
91.27232614227756,7.15621885356059,7.958404379095263,1
101.90065720131369,7.197203147175138,7.120516339483005,1
102.66574674696774,6.544800049739779,7.277065938161218,1
100.25018542698714,5.484088403166151,9.98834933168959,1
92.82268485534121,5.250663012532069,10.717456265539452,1
91.77740634410165,5.057386899311861,6.271297774296219,1
99.94170706756758,5.497244530895662,7.596587057104356,1
106.65239084029228,7.67256660494944,11.31358137724405,1
108.66834322308489,5.724610525105045,10.646854637863175,1
87.64764511009395,6.062813981651647,11.89400881933733,1
88.870715314943,5.316036453443999,10.279737817774565,1
108.618406469577,5.667083914244511,7.752366407195456,1
103.41338070836981,6.557673712340615,9.134464837962465,1
107.07484562074433,6.823258049286958,9.627099779731243,1
90.06581585338358,5.736056942498633,5.5491907142198675,1
99.68964677773505,5.173196477675352,8.811478713727055,1
102.52848986043685,6.173098607382196,9.965245799308267,1
102.00279713617431,5.702610112779002,6.171249128007423,1
95.20379227166745,5.658661769689406,10.464422021978901,1
85.38487229228271,7.879588408140366,9.08640946359878,1
99.57315142010658,6.848901457777172,11.665552499883162,1
91.32753847949022,6.670635329516288,5.296956087448242,1
96.25635615357226,6.247325310569966,6.857282962888268,1
108.93952537709544,6.286833000290432,9.210877155098768,1
94.97588294106087,6.622715011514242,7.075919385441515,1
105.99504016661066,7.0892894211083215,10.000969148498696,1
89.71351514373129,7.106438288545489,10.313036977653518,1
101.81151245062571,5.5150817231163485,5.7176117484653215,1
109.42517386097359,6.500338256229881,8.596981249447374,1
87.54732752182342,6.235874285102306,8.562233889137392,1
85.2079985556798,7.611580898808152,7.584965391508788,1
95.83956981581537,6.894256763655129,11.530474037987705,1
87.31563707628418,6.597512199247945,10.792544239112548,1
103.70960874190578,5.346183926536752,9.880465673367457,1
107.86371659621398,6.816913667970234,10.000286450144984,1
95.85052431771896,5.351611717040701,8.232013006691833,1
91.46779105388602,6.011619726697257,11.44696164767603,1
95.86008297516524,5.428525894442996,9.862167990772997,1
103.08619544625003,7.076220941073107,10.102867431590715,1
85.22635403950927,5.618756341508458,11.031836326511417,1
99.73634973711742,6.1755781195640775,6.918501125395337,1
100.33229212218447,7.6870243328563355,10.64949632706692,1
100.94220617239839,5.612949150196911,6.366684220695444,1
91.05055199952193,6.523415191876337,7.417393665714215,1
102.85131808445317,6.257814983498066,7.349273179888899,1
87.2847871582944,5.054372123137189,11.849678278723985,1
89.98175841167001,7.378274340718439,10.995760566235488,1
106.93675116636204,5.207137718943799,9.908189031131819,1
103.46807876816416,6.422765062930861,10.08939733130773,1
85.34363885028363,6.68203488481685,8.934509560817997,1
91.209406509245,6.8852793698437615,11.629634669759634,1
90.36016207482912,7.065894887923626,8.473811270176531,1
91.77015820092431,5.7598171505681455,7.663623969089262,1
91.18899425699716,5.029936329975348,6.141247358521137,1
86.56315739357115,7.170330987064736,10.503439565827406,1
96.4735129149205,6.606969798042735,10.14110752452914,1
103.31833686965413,7.508353109621746,7.690485269668944,1
100.16829311793592,7.464165088702083,5.1763538977146055,1
101.821791714952,7.529978503363649,10.872981294026076,1
87.02872946340598,6.455283979938621,5.0799258841785155,1
108.78726775441967,6.0008851875105975,9.925898457403356,1
105.96229584607562,7.37467460777411,11.791799768082399,1
105.12725796239157,6.353882339087765,8.063629297037425,1
105.57459512604419,5.550326589210304,6.64481383497167,1
108.31776270331903,7.564922058684423,9.934097070303672,1
98.60634915284244,7.647679630317041,10.719896994109096,1
90.00705044669064,6.398929268420511,8.82501221254493,1
100.41959019631352,5.227099181929362,11.769246926793024,1
103.57203734169848,6.163478269750794,5.361681051605728,1
103.44793483385064,7.41061297838781,8.533569188131697,1
98.036225604172,7.705322085638686,10.02917763125785,1
86.71146798333945,5.610418227492787,11.038483298044252,1
94.2778234607532,5.200920836075815,6.25478928335453,1
108.01916521158392,7.632051359398516,10.60002437234577,1
99.61122274393566,6.168214816936626,8.868949530029816,1
98.45829858139284,6.62528289280269,7.775875773929743,1
91.72133785955484,7.904197436152277,5.922005200053655,1
94.21122299791448,5.199694183742668,11.057070312362388,1
107.38365222882923,6.944954022356287,6.100912457258008,1
101.6615761881709,5.222316267724601,7.168515014463694,1
104.68467566880832,6.126406785399501,7.030318723737058,1
96.35863557669138,7.411443635580341,11.09989823933598,1
